total_samples,avg_text_length,avg_span_length,avg_coverage_pct
11006,208.14292204252226,4.079774668362711,0.05354925823571611
