,precision,recall,f1
count,11006.0,11006.0,11006.0
mean,0.42978955922335554,0.420764371068002,0.4186912716019621
std,0.48756829615496117,0.48254553837547753,0.4776641827628393
min,0.0,0.0,0.0
25%,0.0,0.0,0.0
50%,0.0,0.0,0.0
75%,0.9999998333333611,0.9999998333333611,0.99999930000029
max,0.9999999767441866,0.9999999761904769,0.9999994761907269
